{
    "androidAlias": "key0",
    "androidAliasPassword": "mypassword",
    "androidKeystore": "certificates/android.keystore",
    "androidKeystorePassword": "mypassword",
    "androidPackageType": "apk",
    "googlePlayKey": "certificates/google.json",
    "googlePlayTrack": "production",
    "iosDevP12": "certificates/ios_development.p12",
    "iosDevP12Password": "mypassword",
    "iosDevelopment": "certificates/development.mobileprovision",
    "iosDistP12": "certificates/ios_distribution.p12",
    "iosDistP12Password": "mypassword",
    "iosDistribution": "certificates/distribution.mobileprovision",
    "iosPackageType": "app-store",
    "itunesAccount": "somebody@somecompany.com",
    "itunesAppPassword": "wxyz-ymul-hbqn-xxxx",
    "release": "debug"
}